,filenames,hash
0,C:\Humansutdy\videos\all_vid\4k_cbr15Mbps_Blanc1.mp4,C:\Humansutdy\videos\hash_vid\619d789ede217476dc80ebb5a3d0c558.mp4
1,C:\Humansutdy\videos\all_vid\4k_cbr15Mbps_Blanc2.mp4,C:\Humansutdy\videos\hash_vid\42c69c5ee87c97c357848ded693ddccf.mp4
2,C:\Humansutdy\videos\all_vid\4k_cbr15Mbps_Blanc3.mp4,C:\Humansutdy\videos\hash_vid\49322174568834c1b2320420d2cfd7e2.mp4
3,C:\Humansutdy\videos\all_vid\4k_cbr15Mbps_Bonfire.mp4,C:\Humansutdy\videos\hash_vid\87fd871707b769a0204b27d5b06a436d.mp4
4,C:\Humansutdy\videos\all_vid\4k_cbr15Mbps_Bravia2.mp4,C:\Humansutdy\videos\hash_vid\57e078e1c1340b0dc66906d800f6fe9e.mp4
5,C:\Humansutdy\videos\all_vid\4k_cbr15Mbps_Bravia3.mp4,C:\Humansutdy\videos\hash_vid\4b24a5aae09ee91191b3a403980c42fb.mp4
6,C:\Humansutdy\videos\all_vid\4k_cbr15Mbps_CargoBoat.mp4,C:\Humansutdy\videos\hash_vid\1e5290199f0c390c5f474be7bae061bd.mp4
7,C:\Humansutdy\videos\all_vid\4k_cbr15Mbps_CenterPanorama.mp4,C:\Humansutdy\videos\hash_vid\cf3eca3ef87d8aa8d1aa5a1c358153c1.mp4
8,C:\Humansutdy\videos\all_vid\4k_cbr15Mbps_Chasing1.mp4,C:\Humansutdy\videos\hash_vid\f43169d74ed5b97438cd1624ef06de86.mp4
9,C:\Humansutdy\videos\all_vid\4k_cbr15Mbps_Chasing3.mp4,C:\Humansutdy\videos\hash_vid\7b6788f0540ac7081b3f69fdd7999f9d.mp4
10,C:\Humansutdy\videos\all_vid\4k_cbr15Mbps_Chasing4.mp4,C:\Humansutdy\videos\hash_vid\4cd0aa542a9977088cd773123a6c23d5.mp4
11,C:\Humansutdy\videos\all_vid\4k_cbr15Mbps_CourtYard.mp4,C:\Humansutdy\videos\hash_vid\225284995c0f0a248c02948e957aea1d.mp4
12,C:\Humansutdy\videos\all_vid\4k_cbr15Mbps_Daylight1.mp4,C:\Humansutdy\videos\hash_vid\385ce3babd50b6d98672d3749c0b2f8e.mp4
13,C:\Humansutdy\videos\all_vid\4k_cbr15Mbps_Fizzle1.mp4,C:\Humansutdy\videos\hash_vid\b753fad9371efb13657b148ba3e54b23.mp4
14,C:\Humansutdy\videos\all_vid\4k_cbr15Mbps_Fizzle2.mp4,C:\Humansutdy\videos\hash_vid\ac086991db2954f0ac17d2c8d411f8cf.mp4
15,C:\Humansutdy\videos\all_vid\4k_cbr15Mbps_Flowers.mp4,C:\Humansutdy\videos\hash_vid\4fe30724d19abf7cb7245e38cdb7e0c0.mp4
16,C:\Humansutdy\videos\all_vid\4k_cbr15Mbps_Furniture.mp4,C:\Humansutdy\videos\hash_vid\29dc35cc32e5bc0aabc282a67a266bee.mp4
17,C:\Humansutdy\videos\all_vid\4k_cbr15Mbps_Light2.mp4,C:\Humansutdy\videos\hash_vid\4bf4df9fedea79483113b7b3eb38c89e.mp4
18,C:\Humansutdy\videos\all_vid\4k_cbr15Mbps_Light3.mp4,C:\Humansutdy\videos\hash_vid\153bc8fded547356ce98a82b43b2d03e.mp4
19,C:\Humansutdy\videos\all_vid\4k_cbr15Mbps_Light4.mp4,C:\Humansutdy\videos\hash_vid\88aebca1228f9c4dee6ce61c2e17b174.mp4
20,C:\Humansutdy\videos\all_vid\4k_cbr15Mbps_NewYork1.mp4,C:\Humansutdy\videos\hash_vid\7ac1a266e858607f2c4fdd853cdad810.mp4
21,C:\Humansutdy\videos\all_vid\4k_cbr15Mbps_NewYork2.mp4,C:\Humansutdy\videos\hash_vid\34943e7b4fe049b94dce3ebcc645a9f1.mp4
22,C:\Humansutdy\videos\all_vid\4k_cbr15Mbps_NighTraffic.mp4,C:\Humansutdy\videos\hash_vid\2ad2160c1db0f87e54047d718e9ec7ad.mp4
23,C:\Humansutdy\videos\all_vid\4k_cbr15Mbps_OfficeBuilding.mp4,C:\Humansutdy\videos\hash_vid\21ebe38ae9cc560f0e98208895385c2e.mp4
24,C:\Humansutdy\videos\all_vid\4k_cbr15Mbps_Porsche.mp4,C:\Humansutdy\videos\hash_vid\2f5cca65f29a24bde75cfe5de9b9b161.mp4
25,C:\Humansutdy\videos\all_vid\4k_cbr15Mbps_Skyscraper.mp4,C:\Humansutdy\videos\hash_vid\2b607106a76b6cae4b3de1fc3ad31c83.mp4
26,C:\Humansutdy\videos\all_vid\4k_cbr15Mbps_Swordsmith1.mp4,C:\Humansutdy\videos\hash_vid\856a495d7d9fd58175e130d3f2b9b40f.mp4
27,C:\Humansutdy\videos\all_vid\4k_cbr15Mbps_Swordsmith2.mp4,C:\Humansutdy\videos\hash_vid\3ad7e6c3751556f2449ee75dad72f54f.mp4
28,C:\Humansutdy\videos\all_vid\4k_cbr15Mbps_UrbanLandmark.mp4,C:\Humansutdy\videos\hash_vid\cbf560148e55de1bdb3072106085b6f0.mp4
29,C:\Humansutdy\videos\all_vid\4k_cbr15Mbps_Whale.mp4,C:\Humansutdy\videos\hash_vid\e3e3e2aa60f4b1a0f6aea15dde174854.mp4
30,C:\Humansutdy\videos\all_vid\4k_cbr15Mbps_firework.mp4,C:\Humansutdy\videos\hash_vid\ef056472723cb06c72b970558daca25e.mp4
31,C:\Humansutdy\videos\all_vid\4k_cbr15Mbps_football1.mp4,C:\Humansutdy\videos\hash_vid\f9faf66f5ed3d2cc5274c7b11bf36546.mp4
32,C:\Humansutdy\videos\all_vid\4k_cbr15Mbps_football10.mp4,C:\Humansutdy\videos\hash_vid\7348d4f873929c9c6e024f850fdc626b.mp4
33,C:\Humansutdy\videos\all_vid\4k_cbr15Mbps_football2.mp4,C:\Humansutdy\videos\hash_vid\2cb9a41f4c067355f6a040209b7dbd00.mp4
34,C:\Humansutdy\videos\all_vid\4k_cbr15Mbps_football3.mp4,C:\Humansutdy\videos\hash_vid\b8a2d603aba6426a4cd9e83c543c7a9c.mp4
35,C:\Humansutdy\videos\all_vid\4k_cbr15Mbps_football4.mp4,C:\Humansutdy\videos\hash_vid\dfb87a2088fbe6ad87d78658d34151ce.mp4
36,C:\Humansutdy\videos\all_vid\4k_cbr15Mbps_football5.mp4,C:\Humansutdy\videos\hash_vid\a2d0fd8da9df3f989bfc1d8a936251aa.mp4
37,C:\Humansutdy\videos\all_vid\4k_cbr15Mbps_football6.mp4,C:\Humansutdy\videos\hash_vid\6639438c7f79fd99ba993aa807ddecff.mp4
38,C:\Humansutdy\videos\all_vid\4k_cbr15Mbps_football7.mp4,C:\Humansutdy\videos\hash_vid\9684aca733a040e72af4a655afa80be3.mp4
39,C:\Humansutdy\videos\all_vid\4k_cbr15Mbps_football8.mp4,C:\Humansutdy\videos\hash_vid\db89e95e2efd422b33369f5f52b03ea8.mp4
40,C:\Humansutdy\videos\all_vid\4k_cbr15Mbps_football9.mp4,C:\Humansutdy\videos\hash_vid\56699541e490c1444ea2189392c21d5a.mp4
41,C:\Humansutdy\videos\all_vid\4k_cbr15Mbps_golf1.mp4,C:\Humansutdy\videos\hash_vid\ec399080d75425462e976b32a5de6d03.mp4
42,C:\Humansutdy\videos\all_vid\4k_cbr15Mbps_golf2.mp4,C:\Humansutdy\videos\hash_vid\cbde926c9f62dd90aeec58d39e1eaecf.mp4
43,C:\Humansutdy\videos\all_vid\4k_cbr3Mbps_Blanc1.mp4,C:\Humansutdy\videos\hash_vid\e33d8467c3bd3c69536f6d48ea50c1f8.mp4
44,C:\Humansutdy\videos\all_vid\4k_cbr3Mbps_Blanc2.mp4,C:\Humansutdy\videos\hash_vid\fafd4d7bd75f4e77c9c7aa93b68d049b.mp4
45,C:\Humansutdy\videos\all_vid\4k_cbr3Mbps_Blanc3.mp4,C:\Humansutdy\videos\hash_vid\dad357620e7ccd377681f1e6db58bac7.mp4
46,C:\Humansutdy\videos\all_vid\4k_cbr3Mbps_Bonfire.mp4,C:\Humansutdy\videos\hash_vid\53a37abae14215e1f42a4906ed780a22.mp4
47,C:\Humansutdy\videos\all_vid\4k_cbr3Mbps_Bravia2.mp4,C:\Humansutdy\videos\hash_vid\766c29c4e05d6c9dd3734476abc9a945.mp4
48,C:\Humansutdy\videos\all_vid\4k_cbr3Mbps_Bravia3.mp4,C:\Humansutdy\videos\hash_vid\c020feaded5c7c9ab1a2c58dad8997d8.mp4
49,C:\Humansutdy\videos\all_vid\4k_cbr3Mbps_CargoBoat.mp4,C:\Humansutdy\videos\hash_vid\7ee521b975fe36539f13706d4fbc02e1.mp4
50,C:\Humansutdy\videos\all_vid\4k_cbr3Mbps_CenterPanorama.mp4,C:\Humansutdy\videos\hash_vid\65bf67040cdb3d2d2b25ad301e72c714.mp4
51,C:\Humansutdy\videos\all_vid\4k_cbr3Mbps_Chasing1.mp4,C:\Humansutdy\videos\hash_vid\03a673d202731d66f71b1b5577e9269c.mp4
52,C:\Humansutdy\videos\all_vid\4k_cbr3Mbps_Chasing3.mp4,C:\Humansutdy\videos\hash_vid\75df5e8e25e06854a43905d1e96a8a85.mp4
53,C:\Humansutdy\videos\all_vid\4k_cbr3Mbps_Chasing4.mp4,C:\Humansutdy\videos\hash_vid\b2a95889d580bac1ace8235d1b63bbdb.mp4
54,C:\Humansutdy\videos\all_vid\4k_cbr3Mbps_CourtYard.mp4,C:\Humansutdy\videos\hash_vid\73f6d34eb59e75f82ac4a01e55c8ede2.mp4
55,C:\Humansutdy\videos\all_vid\4k_cbr3Mbps_Daylight1.mp4,C:\Humansutdy\videos\hash_vid\db77758f2068bd2df2923f230e860e6c.mp4
56,C:\Humansutdy\videos\all_vid\4k_cbr3Mbps_Fizzle1.mp4,C:\Humansutdy\videos\hash_vid\730175d45d48e13cb2a4f29b505fc822.mp4
57,C:\Humansutdy\videos\all_vid\4k_cbr3Mbps_Fizzle2.mp4,C:\Humansutdy\videos\hash_vid\51596fdf9dc982edb7f443a507d73fd2.mp4
58,C:\Humansutdy\videos\all_vid\4k_cbr3Mbps_Flowers.mp4,C:\Humansutdy\videos\hash_vid\f48dfa610761932e9d61c3f66c01ec88.mp4
59,C:\Humansutdy\videos\all_vid\4k_cbr3Mbps_Furniture.mp4,C:\Humansutdy\videos\hash_vid\2210bca06c434b22a1d59941ecfcb11a.mp4
60,C:\Humansutdy\videos\all_vid\4k_cbr3Mbps_Light2.mp4,C:\Humansutdy\videos\hash_vid\580b06ec62a4d4ffd427de8a82febd9f.mp4
61,C:\Humansutdy\videos\all_vid\4k_cbr3Mbps_Light3.mp4,C:\Humansutdy\videos\hash_vid\d745ffd7907e96b66a5f403f31a2ffe8.mp4
62,C:\Humansutdy\videos\all_vid\4k_cbr3Mbps_Light4.mp4,C:\Humansutdy\videos\hash_vid\de083e5fce7fdb1b28ec34514d483731.mp4
63,C:\Humansutdy\videos\all_vid\4k_cbr3Mbps_NewYork1.mp4,C:\Humansutdy\videos\hash_vid\10e32a4ae37586c431ed5a8768ba9528.mp4
64,C:\Humansutdy\videos\all_vid\4k_cbr3Mbps_NewYork2.mp4,C:\Humansutdy\videos\hash_vid\52f1c7cc8141cbf417f66c1df73430b4.mp4
65,C:\Humansutdy\videos\all_vid\4k_cbr3Mbps_NighTraffic.mp4,C:\Humansutdy\videos\hash_vid\7d9a5c8bef83135c36aa9c23db9435df.mp4
66,C:\Humansutdy\videos\all_vid\4k_cbr3Mbps_OfficeBuilding.mp4,C:\Humansutdy\videos\hash_vid\78641820916a517de2343815761bdf1e.mp4
67,C:\Humansutdy\videos\all_vid\4k_cbr3Mbps_Porsche.mp4,C:\Humansutdy\videos\hash_vid\75919473856fef7fde1206b846e13ab9.mp4
68,C:\Humansutdy\videos\all_vid\4k_cbr3Mbps_Skyscraper.mp4,C:\Humansutdy\videos\hash_vid\6e49e445a5e370ff51b21f0a62b0dc30.mp4
69,C:\Humansutdy\videos\all_vid\4k_cbr3Mbps_Swordsmith1.mp4,C:\Humansutdy\videos\hash_vid\81cb70cd009de65e898f2467c1107316.mp4
70,C:\Humansutdy\videos\all_vid\4k_cbr3Mbps_Swordsmith2.mp4,C:\Humansutdy\videos\hash_vid\d9b09ab4b9ac7eb6f85ca06cbe97a2d9.mp4
71,C:\Humansutdy\videos\all_vid\4k_cbr3Mbps_UrbanLandmark.mp4,C:\Humansutdy\videos\hash_vid\d3a762bfba7b95de7bf28f4dd804534c.mp4
72,C:\Humansutdy\videos\all_vid\4k_cbr3Mbps_Whale.mp4,C:\Humansutdy\videos\hash_vid\98d26a0e7c557cfcf59c09b22d582156.mp4
73,C:\Humansutdy\videos\all_vid\4k_cbr3Mbps_firework.mp4,C:\Humansutdy\videos\hash_vid\8c635819685b58c7b9a060aa31a06de7.mp4
74,C:\Humansutdy\videos\all_vid\4k_cbr3Mbps_football1.mp4,C:\Humansutdy\videos\hash_vid\bff75bbaa5ba10a2c29a1e2fce32947c.mp4
75,C:\Humansutdy\videos\all_vid\4k_cbr3Mbps_football10.mp4,C:\Humansutdy\videos\hash_vid\1c65e3f2ea475f2e85f93a383c4ba8cd.mp4
76,C:\Humansutdy\videos\all_vid\4k_cbr3Mbps_football2.mp4,C:\Humansutdy\videos\hash_vid\75350229ad2618bfc354ee161dddcf74.mp4
77,C:\Humansutdy\videos\all_vid\4k_cbr3Mbps_football3.mp4,C:\Humansutdy\videos\hash_vid\db9611150f17bc4b965f9082aa906022.mp4
78,C:\Humansutdy\videos\all_vid\4k_cbr3Mbps_football4.mp4,C:\Humansutdy\videos\hash_vid\88561054b85d249e28e7e68480c2c173.mp4
79,C:\Humansutdy\videos\all_vid\4k_cbr3Mbps_football5.mp4,C:\Humansutdy\videos\hash_vid\4ec1cb723f760fefbf7b51c32c9a47b0.mp4
80,C:\Humansutdy\videos\all_vid\4k_cbr3Mbps_football6.mp4,C:\Humansutdy\videos\hash_vid\02fbbbcfd47a0cfb46692e37e8447b39.mp4
81,C:\Humansutdy\videos\all_vid\4k_cbr3Mbps_football7.mp4,C:\Humansutdy\videos\hash_vid\14c4e81698ec5803cf73aa38fda07351.mp4
82,C:\Humansutdy\videos\all_vid\4k_cbr3Mbps_football8.mp4,C:\Humansutdy\videos\hash_vid\fb58c1283c13e2bfb706d1d391a31de0.mp4
83,C:\Humansutdy\videos\all_vid\4k_cbr3Mbps_football9.mp4,C:\Humansutdy\videos\hash_vid\953b4cde036ad0658ebd7979e3bdc527.mp4
84,C:\Humansutdy\videos\all_vid\4k_cbr3Mbps_golf1.mp4,C:\Humansutdy\videos\hash_vid\a7ab4a13670f40db83b34de41449046f.mp4
85,C:\Humansutdy\videos\all_vid\4k_cbr3Mbps_golf2.mp4,C:\Humansutdy\videos\hash_vid\e5c3068cb18882c5c0bc2ac31dec45db.mp4
86,C:\Humansutdy\videos\all_vid\reference_Blanc1.mp4,C:\Humansutdy\videos\hash_vid\638f6ba118c7641525e001c3902762c3.mp4
87,C:\Humansutdy\videos\all_vid\reference_Blanc2.mp4,C:\Humansutdy\videos\hash_vid\e78ec5b05a8c8b0c72e2313e1d749524.mp4
88,C:\Humansutdy\videos\all_vid\reference_Blanc3.mp4,C:\Humansutdy\videos\hash_vid\35425587908f237023e2f097ad3664fd.mp4
89,C:\Humansutdy\videos\all_vid\reference_Bonfire.mp4,C:\Humansutdy\videos\hash_vid\f7f886e59cbb83324333d3c96d918100.mp4
90,C:\Humansutdy\videos\all_vid\reference_Bravia2.mp4,C:\Humansutdy\videos\hash_vid\c05a0bf4f10a36fcda4062d09f02728c.mp4
91,C:\Humansutdy\videos\all_vid\reference_Bravia3.mp4,C:\Humansutdy\videos\hash_vid\c2380bac39fff0c0dbae3d6c647adcbd.mp4
92,C:\Humansutdy\videos\all_vid\reference_CargoBoat.mp4,C:\Humansutdy\videos\hash_vid\ef8e67cb99134632e4359d72557e4347.mp4
93,C:\Humansutdy\videos\all_vid\reference_CenterPanorama.mp4,C:\Humansutdy\videos\hash_vid\d6cbf1066f970f200e898c6105d2de4a.mp4
94,C:\Humansutdy\videos\all_vid\reference_Chasing1.mp4,C:\Humansutdy\videos\hash_vid\318f72d07db9fa50ab0f931e9476d56f.mp4
95,C:\Humansutdy\videos\all_vid\reference_Chasing3.mp4,C:\Humansutdy\videos\hash_vid\bcb5485661baf5162c2890157dd626b4.mp4
96,C:\Humansutdy\videos\all_vid\reference_Chasing4.mp4,C:\Humansutdy\videos\hash_vid\02b432a73262e3b3506446cf0649c732.mp4
97,C:\Humansutdy\videos\all_vid\reference_CourtYard.mp4,C:\Humansutdy\videos\hash_vid\5975620c6406438655b1568264d4ddf5.mp4
98,C:\Humansutdy\videos\all_vid\reference_Daylight1.mp4,C:\Humansutdy\videos\hash_vid\100be7711d8917d9cb4dd5ea33fa8fd5.mp4
99,C:\Humansutdy\videos\all_vid\reference_Fizzle1.mp4,C:\Humansutdy\videos\hash_vid\b6bd64a7159a1e5bbdbd79fc2f957aaf.mp4
100,C:\Humansutdy\videos\all_vid\reference_Fizzle2.mp4,C:\Humansutdy\videos\hash_vid\56bd311cc75c34ab26245f8f962fb5cc.mp4
101,C:\Humansutdy\videos\all_vid\reference_Flowers.mp4,C:\Humansutdy\videos\hash_vid\9b2d334db05f772dde69494f6f147c7c.mp4
102,C:\Humansutdy\videos\all_vid\reference_Furniture.mp4,C:\Humansutdy\videos\hash_vid\c66115f01f72f15762f1618ae6c8d527.mp4
103,C:\Humansutdy\videos\all_vid\reference_Light2.mp4,C:\Humansutdy\videos\hash_vid\5d1f495b6e087208d9f38d39bfbc4753.mp4
104,C:\Humansutdy\videos\all_vid\reference_Light3.mp4,C:\Humansutdy\videos\hash_vid\4be11705cd639731db62ff3a04eae97f.mp4
105,C:\Humansutdy\videos\all_vid\reference_Light4.mp4,C:\Humansutdy\videos\hash_vid\bceb7a2a0fd3cb155722472c258abe00.mp4
106,C:\Humansutdy\videos\all_vid\reference_NewYork1.mp4,C:\Humansutdy\videos\hash_vid\d819527092108357bdc51b0796c27770.mp4
107,C:\Humansutdy\videos\all_vid\reference_NewYork2.mp4,C:\Humansutdy\videos\hash_vid\32c4c798aef3dcec6a5ea324eb7230d9.mp4
108,C:\Humansutdy\videos\all_vid\reference_NighTraffic.mp4,C:\Humansutdy\videos\hash_vid\773d1cfc8071f4a2b85d3d1e3f25a515.mp4
109,C:\Humansutdy\videos\all_vid\reference_OfficeBuilding.mp4,C:\Humansutdy\videos\hash_vid\2597aa3c8373d4445cc73694c0f51379.mp4
110,C:\Humansutdy\videos\all_vid\reference_Porsche.mp4,C:\Humansutdy\videos\hash_vid\6387022c48ba1ed88d1437e947deec7c.mp4
111,C:\Humansutdy\videos\all_vid\reference_Skyscraper.mp4,C:\Humansutdy\videos\hash_vid\9651db0d222549410bc61db6da8777fb.mp4
112,C:\Humansutdy\videos\all_vid\reference_Swordsmith1.mp4,C:\Humansutdy\videos\hash_vid\f037d0cb2ba04c73c906468c0a2da718.mp4
113,C:\Humansutdy\videos\all_vid\reference_Swordsmith2.mp4,C:\Humansutdy\videos\hash_vid\076d5ec3a220112d8a8771922c2b51d1.mp4
114,C:\Humansutdy\videos\all_vid\reference_UrbanLandmark.mp4,C:\Humansutdy\videos\hash_vid\f36ede3d444ac42fc43cdd79a56d669b.mp4
115,C:\Humansutdy\videos\all_vid\reference_Whale.mp4,C:\Humansutdy\videos\hash_vid\007baa37ecfdb4e07b17d6c7a549b34f.mp4
116,C:\Humansutdy\videos\all_vid\reference_firework.mp4,C:\Humansutdy\videos\hash_vid\e5a98a5008e96f37fdf40796a0cb312c.mp4
117,C:\Humansutdy\videos\all_vid\reference_football1.mp4,C:\Humansutdy\videos\hash_vid\d03899e3e62da523ff7312ab24ad11fc.mp4
118,C:\Humansutdy\videos\all_vid\reference_football10.mp4,C:\Humansutdy\videos\hash_vid\d0c4d8d20182e00bc45e06763eb0ad19.mp4
119,C:\Humansutdy\videos\all_vid\reference_football2.mp4,C:\Humansutdy\videos\hash_vid\cbddf2c31a5703803ae872b7dd0c41ac.mp4
120,C:\Humansutdy\videos\all_vid\reference_football3.mp4,C:\Humansutdy\videos\hash_vid\e7a7fcaa1083545af79ba449106af19c.mp4
121,C:\Humansutdy\videos\all_vid\reference_football4.mp4,C:\Humansutdy\videos\hash_vid\ef337a220d2b6557737c741d227aaf2b.mp4
122,C:\Humansutdy\videos\all_vid\reference_football5.mp4,C:\Humansutdy\videos\hash_vid\e520303ff4110ebc60f92c283ca7690d.mp4
123,C:\Humansutdy\videos\all_vid\reference_football6.mp4,C:\Humansutdy\videos\hash_vid\8dcb9fa14af794d0a3fca8224bb6f22d.mp4
124,C:\Humansutdy\videos\all_vid\reference_football7.mp4,C:\Humansutdy\videos\hash_vid\cbb8fcb11c82d0e41ae16fb7c191a3ea.mp4
125,C:\Humansutdy\videos\all_vid\reference_football8.mp4,C:\Humansutdy\videos\hash_vid\843e82c1aab9d080e77100c9ffba8b26.mp4
126,C:\Humansutdy\videos\all_vid\reference_football9.mp4,C:\Humansutdy\videos\hash_vid\6848496037c53517b2596574646b7a2a.mp4
127,C:\Humansutdy\videos\all_vid\reference_golf1.mp4,C:\Humansutdy\videos\hash_vid\bd5923805b4ce566f5cfd461986ad2ff.mp4
128,C:\Humansutdy\videos\all_vid\reference_golf2.mp4,C:\Humansutdy\videos\hash_vid\752fa2ff78d8bf2688e3969e6c120780.mp4
129,C:\Humansutdy\videos\all_vid\upscaled_1080p_1Mbps_Blanc1.mp4,C:\Humansutdy\videos\hash_vid\5f1d696a73864b05b641f2903fac1b52.mp4
130,C:\Humansutdy\videos\all_vid\upscaled_1080p_1Mbps_Blanc2.mp4,C:\Humansutdy\videos\hash_vid\021ee58a0f30612be0a3b16d4c3036ed.mp4
131,C:\Humansutdy\videos\all_vid\upscaled_1080p_1Mbps_Blanc3.mp4,C:\Humansutdy\videos\hash_vid\8064644461c84f8ece3bdabfa30317b0.mp4
132,C:\Humansutdy\videos\all_vid\upscaled_1080p_1Mbps_Bonfire.mp4,C:\Humansutdy\videos\hash_vid\031011a3041ca901e84f94e0be3508ae.mp4
133,C:\Humansutdy\videos\all_vid\upscaled_1080p_1Mbps_Bravia2.mp4,C:\Humansutdy\videos\hash_vid\756cf2706bcbd083979c4b4de8038dbf.mp4
134,C:\Humansutdy\videos\all_vid\upscaled_1080p_1Mbps_Bravia3.mp4,C:\Humansutdy\videos\hash_vid\6a7c9a0e47d687388193b95701b68aeb.mp4
135,C:\Humansutdy\videos\all_vid\upscaled_1080p_1Mbps_CargoBoat.mp4,C:\Humansutdy\videos\hash_vid\852f88149bb8c91a4ea900f817e66c88.mp4
136,C:\Humansutdy\videos\all_vid\upscaled_1080p_1Mbps_CenterPanorama.mp4,C:\Humansutdy\videos\hash_vid\9a346ed056be2e842aeee5ddb3d25235.mp4
137,C:\Humansutdy\videos\all_vid\upscaled_1080p_1Mbps_Chasing1.mp4,C:\Humansutdy\videos\hash_vid\81cb2a1b2b188ba475df1c29fff11373.mp4
138,C:\Humansutdy\videos\all_vid\upscaled_1080p_1Mbps_Chasing3.mp4,C:\Humansutdy\videos\hash_vid\c57c78421de9e0da03274ba0de534cd9.mp4
139,C:\Humansutdy\videos\all_vid\upscaled_1080p_1Mbps_Chasing4.mp4,C:\Humansutdy\videos\hash_vid\ee0a3a521773978f02a3f50d79c83922.mp4
140,C:\Humansutdy\videos\all_vid\upscaled_1080p_1Mbps_CourtYard.mp4,C:\Humansutdy\videos\hash_vid\7915819b4eb2f449740e4ef38b4d4379.mp4
141,C:\Humansutdy\videos\all_vid\upscaled_1080p_1Mbps_Daylight1.mp4,C:\Humansutdy\videos\hash_vid\ee66bbc5e87d743219ad9396990a9f27.mp4
142,C:\Humansutdy\videos\all_vid\upscaled_1080p_1Mbps_Fizzle1.mp4,C:\Humansutdy\videos\hash_vid\55cea52e538341af61431f1083bb97f3.mp4
143,C:\Humansutdy\videos\all_vid\upscaled_1080p_1Mbps_Fizzle2.mp4,C:\Humansutdy\videos\hash_vid\47257466990930c622cf872c626b9058.mp4
144,C:\Humansutdy\videos\all_vid\upscaled_1080p_1Mbps_Flowers.mp4,C:\Humansutdy\videos\hash_vid\ba217965b75bdfeeb7d4276f4deece27.mp4
145,C:\Humansutdy\videos\all_vid\upscaled_1080p_1Mbps_Furniture.mp4,C:\Humansutdy\videos\hash_vid\87e6dcce0176f1058e37bca83450d054.mp4
146,C:\Humansutdy\videos\all_vid\upscaled_1080p_1Mbps_Light2.mp4,C:\Humansutdy\videos\hash_vid\8600451f09e9a0724c652db1d3a923a9.mp4
147,C:\Humansutdy\videos\all_vid\upscaled_1080p_1Mbps_Light3.mp4,C:\Humansutdy\videos\hash_vid\7932ee2e852384c33d00d3192e3c6ef1.mp4
148,C:\Humansutdy\videos\all_vid\upscaled_1080p_1Mbps_Light4.mp4,C:\Humansutdy\videos\hash_vid\4c1d105672c443fdce381706429148e1.mp4
149,C:\Humansutdy\videos\all_vid\upscaled_1080p_1Mbps_NewYork1.mp4,C:\Humansutdy\videos\hash_vid\18b6dacc90f5c87182bbfe493acce7af.mp4
150,C:\Humansutdy\videos\all_vid\upscaled_1080p_1Mbps_NewYork2.mp4,C:\Humansutdy\videos\hash_vid\01a8f1ad913e3dfce34042191593de38.mp4
151,C:\Humansutdy\videos\all_vid\upscaled_1080p_1Mbps_NighTraffic.mp4,C:\Humansutdy\videos\hash_vid\362857a6c9c0c47c2d168dbaf47ebba1.mp4
152,C:\Humansutdy\videos\all_vid\upscaled_1080p_1Mbps_OfficeBuilding.mp4,C:\Humansutdy\videos\hash_vid\a32f6cd13c1f5c09449f6c4b971493b6.mp4
153,C:\Humansutdy\videos\all_vid\upscaled_1080p_1Mbps_Porsche.mp4,C:\Humansutdy\videos\hash_vid\9ce045d5569aee8c4e2ff61a8aad9679.mp4
154,C:\Humansutdy\videos\all_vid\upscaled_1080p_1Mbps_Skyscraper.mp4,C:\Humansutdy\videos\hash_vid\6a13920138fc40c5f1efcb351b531129.mp4
155,C:\Humansutdy\videos\all_vid\upscaled_1080p_1Mbps_Swordsmith1.mp4,C:\Humansutdy\videos\hash_vid\432a918e7c4aaef0ab16dae5a492eb6a.mp4
156,C:\Humansutdy\videos\all_vid\upscaled_1080p_1Mbps_Swordsmith2.mp4,C:\Humansutdy\videos\hash_vid\7c75d6df715023b6a6418ed62e725dd2.mp4
157,C:\Humansutdy\videos\all_vid\upscaled_1080p_1Mbps_UrbanLandmark.mp4,C:\Humansutdy\videos\hash_vid\5077cf5ed77ba68995aa26fac4a28437.mp4
158,C:\Humansutdy\videos\all_vid\upscaled_1080p_1Mbps_Whale.mp4,C:\Humansutdy\videos\hash_vid\8aac40bfe5c25ce688263dc81acef3a6.mp4
159,C:\Humansutdy\videos\all_vid\upscaled_1080p_1Mbps_firework.mp4,C:\Humansutdy\videos\hash_vid\cc0a631efeec89413f975847866169f1.mp4
160,C:\Humansutdy\videos\all_vid\upscaled_1080p_1Mbps_football1.mp4,C:\Humansutdy\videos\hash_vid\91583bdcf2a1effdd3c669a8b68bfd2e.mp4
161,C:\Humansutdy\videos\all_vid\upscaled_1080p_1Mbps_football10.mp4,C:\Humansutdy\videos\hash_vid\fe863267b8dabb1093221fad1291a4ca.mp4
162,C:\Humansutdy\videos\all_vid\upscaled_1080p_1Mbps_football2.mp4,C:\Humansutdy\videos\hash_vid\f848a9e2a2bd370fb23c34d526e0ed3a.mp4
163,C:\Humansutdy\videos\all_vid\upscaled_1080p_1Mbps_football3.mp4,C:\Humansutdy\videos\hash_vid\fb7ee33e9b2ef7d33e2f135b103f31bf.mp4
164,C:\Humansutdy\videos\all_vid\upscaled_1080p_1Mbps_football4.mp4,C:\Humansutdy\videos\hash_vid\1e8252ab5b3ec892b7f36579592471af.mp4
165,C:\Humansutdy\videos\all_vid\upscaled_1080p_1Mbps_football5.mp4,C:\Humansutdy\videos\hash_vid\a8e889a0d1b1cdde3cc10a8fe88e1b18.mp4
166,C:\Humansutdy\videos\all_vid\upscaled_1080p_1Mbps_football6.mp4,C:\Humansutdy\videos\hash_vid\07617fcf2758ce96e1234d641a1bb4b2.mp4
167,C:\Humansutdy\videos\all_vid\upscaled_1080p_1Mbps_football7.mp4,C:\Humansutdy\videos\hash_vid\44edb8b9a163a8e6e45e042173940360.mp4
168,C:\Humansutdy\videos\all_vid\upscaled_1080p_1Mbps_football8.mp4,C:\Humansutdy\videos\hash_vid\ca4e30b982d79bfee820efc2c6e2ccd2.mp4
169,C:\Humansutdy\videos\all_vid\upscaled_1080p_1Mbps_football9.mp4,C:\Humansutdy\videos\hash_vid\4212ec95cd7de4ffd695e5f24bb40307.mp4
170,C:\Humansutdy\videos\all_vid\upscaled_1080p_1Mbps_golf1.mp4,C:\Humansutdy\videos\hash_vid\ba47c6036c9749436337d4b50249e734.mp4
171,C:\Humansutdy\videos\all_vid\upscaled_1080p_1Mbps_golf2.mp4,C:\Humansutdy\videos\hash_vid\348f06846ca7ecac1e9a2d7fbe4e3bd5.mp4
172,C:\Humansutdy\videos\all_vid\upscaled_1080p_cbr6Mbps_Blanc1.mp4,C:\Humansutdy\videos\hash_vid\5d26e5f13408e6d8b77531b7e2094e9b.mp4
173,C:\Humansutdy\videos\all_vid\upscaled_1080p_cbr6Mbps_Blanc2.mp4,C:\Humansutdy\videos\hash_vid\c46f5c5d348a1f5e37db4003ba0bbbe6.mp4
174,C:\Humansutdy\videos\all_vid\upscaled_1080p_cbr6Mbps_Blanc3.mp4,C:\Humansutdy\videos\hash_vid\3ed9de51903c1e729325186a7d032f0c.mp4
175,C:\Humansutdy\videos\all_vid\upscaled_1080p_cbr6Mbps_Bonfire.mp4,C:\Humansutdy\videos\hash_vid\f849bba7976bfba220c45de8b3880a70.mp4
176,C:\Humansutdy\videos\all_vid\upscaled_1080p_cbr6Mbps_Bravia2.mp4,C:\Humansutdy\videos\hash_vid\ae8cbd8af29c0a41e0da3c813a8874aa.mp4
177,C:\Humansutdy\videos\all_vid\upscaled_1080p_cbr6Mbps_Bravia3.mp4,C:\Humansutdy\videos\hash_vid\7691dc67abb4001da4d6e5fa52194555.mp4
178,C:\Humansutdy\videos\all_vid\upscaled_1080p_cbr6Mbps_CargoBoat.mp4,C:\Humansutdy\videos\hash_vid\4e1939f0eccac6341268cc27d662721a.mp4
179,C:\Humansutdy\videos\all_vid\upscaled_1080p_cbr6Mbps_CenterPanorama.mp4,C:\Humansutdy\videos\hash_vid\4f37edea04a2ba21aeda0c7b6cd61791.mp4
180,C:\Humansutdy\videos\all_vid\upscaled_1080p_cbr6Mbps_Chasing1.mp4,C:\Humansutdy\videos\hash_vid\1a87a27d60fdb6c13189b67f1c15ba7f.mp4
181,C:\Humansutdy\videos\all_vid\upscaled_1080p_cbr6Mbps_Chasing3.mp4,C:\Humansutdy\videos\hash_vid\912e10bde9b28bd5121a17ca90af828d.mp4
182,C:\Humansutdy\videos\all_vid\upscaled_1080p_cbr6Mbps_Chasing4.mp4,C:\Humansutdy\videos\hash_vid\ff76358766931acf164b4c8e89f334da.mp4
183,C:\Humansutdy\videos\all_vid\upscaled_1080p_cbr6Mbps_CourtYard.mp4,C:\Humansutdy\videos\hash_vid\860d7a7d6d7c4765630b56bf65087701.mp4
184,C:\Humansutdy\videos\all_vid\upscaled_1080p_cbr6Mbps_Daylight1.mp4,C:\Humansutdy\videos\hash_vid\152dbb8e9cf73e8ded7c1d6cc11b13c0.mp4
185,C:\Humansutdy\videos\all_vid\upscaled_1080p_cbr6Mbps_Fizzle1.mp4,C:\Humansutdy\videos\hash_vid\ca1a11130703d0433ab24ebe14e81aec.mp4
186,C:\Humansutdy\videos\all_vid\upscaled_1080p_cbr6Mbps_Fizzle2.mp4,C:\Humansutdy\videos\hash_vid\05b03eeabc8d7c4fdcf5be64d34ae843.mp4
187,C:\Humansutdy\videos\all_vid\upscaled_1080p_cbr6Mbps_Flowers.mp4,C:\Humansutdy\videos\hash_vid\1ebf5ea55347bbe891c57240656c23a1.mp4
188,C:\Humansutdy\videos\all_vid\upscaled_1080p_cbr6Mbps_Furniture.mp4,C:\Humansutdy\videos\hash_vid\21799c8eca885a42b024ec23dfe51770.mp4
189,C:\Humansutdy\videos\all_vid\upscaled_1080p_cbr6Mbps_Light2.mp4,C:\Humansutdy\videos\hash_vid\587bac6cc4a6787884d44bc6c1b412ae.mp4
190,C:\Humansutdy\videos\all_vid\upscaled_1080p_cbr6Mbps_Light3.mp4,C:\Humansutdy\videos\hash_vid\9d1c743f5fc17e598b27a9b211c5c81b.mp4
191,C:\Humansutdy\videos\all_vid\upscaled_1080p_cbr6Mbps_Light4.mp4,C:\Humansutdy\videos\hash_vid\92056799305fe1703c9fb15fd9699321.mp4
192,C:\Humansutdy\videos\all_vid\upscaled_1080p_cbr6Mbps_NewYork1.mp4,C:\Humansutdy\videos\hash_vid\ae70a04bce1629341de6e7ebf744f734.mp4
193,C:\Humansutdy\videos\all_vid\upscaled_1080p_cbr6Mbps_NewYork2.mp4,C:\Humansutdy\videos\hash_vid\bb266d77db27143db126f98bbf795de4.mp4
194,C:\Humansutdy\videos\all_vid\upscaled_1080p_cbr6Mbps_NighTraffic.mp4,C:\Humansutdy\videos\hash_vid\ae7a63c64509a284b7b52593edc1c9c2.mp4
195,C:\Humansutdy\videos\all_vid\upscaled_1080p_cbr6Mbps_OfficeBuilding.mp4,C:\Humansutdy\videos\hash_vid\d2c224019ac9fb93fefd5b86392ca268.mp4
196,C:\Humansutdy\videos\all_vid\upscaled_1080p_cbr6Mbps_Porsche.mp4,C:\Humansutdy\videos\hash_vid\a247c115c8a583c924215c42257ad5b0.mp4
197,C:\Humansutdy\videos\all_vid\upscaled_1080p_cbr6Mbps_Skyscraper.mp4,C:\Humansutdy\videos\hash_vid\068dfc931a642a411c9b1c1381a992e1.mp4
198,C:\Humansutdy\videos\all_vid\upscaled_1080p_cbr6Mbps_Swordsmith1.mp4,C:\Humansutdy\videos\hash_vid\0cb44b35c9d2add32fcacbdac7426fe8.mp4
199,C:\Humansutdy\videos\all_vid\upscaled_1080p_cbr6Mbps_Swordsmith2.mp4,C:\Humansutdy\videos\hash_vid\b46f832e8249afb25c3701341d889979.mp4
200,C:\Humansutdy\videos\all_vid\upscaled_1080p_cbr6Mbps_UrbanLandmark.mp4,C:\Humansutdy\videos\hash_vid\8582b2e2268878595593472d6d95cc1b.mp4
201,C:\Humansutdy\videos\all_vid\upscaled_1080p_cbr6Mbps_Whale.mp4,C:\Humansutdy\videos\hash_vid\d763a135f8b2ec5662bbeb97fcc02ff6.mp4
202,C:\Humansutdy\videos\all_vid\upscaled_1080p_cbr6Mbps_firework.mp4,C:\Humansutdy\videos\hash_vid\77066ac752efad84ecb8e8081d7b7b19.mp4
203,C:\Humansutdy\videos\all_vid\upscaled_1080p_cbr6Mbps_football1.mp4,C:\Humansutdy\videos\hash_vid\31a73eb2ae4c9bcf63c4f8b71cd3d03d.mp4
204,C:\Humansutdy\videos\all_vid\upscaled_1080p_cbr6Mbps_football10.mp4,C:\Humansutdy\videos\hash_vid\e1946e388b9e86c379f479cff4e8ab60.mp4
205,C:\Humansutdy\videos\all_vid\upscaled_1080p_cbr6Mbps_football2.mp4,C:\Humansutdy\videos\hash_vid\48c4b9014530befd0748d8935bc54500.mp4
206,C:\Humansutdy\videos\all_vid\upscaled_1080p_cbr6Mbps_football3.mp4,C:\Humansutdy\videos\hash_vid\268f39fc92d6ee520d9de8d0c802e4ef.mp4
207,C:\Humansutdy\videos\all_vid\upscaled_1080p_cbr6Mbps_football4.mp4,C:\Humansutdy\videos\hash_vid\bba0457ce47225b687e050228958e0e0.mp4
208,C:\Humansutdy\videos\all_vid\upscaled_1080p_cbr6Mbps_football5.mp4,C:\Humansutdy\videos\hash_vid\a5002f559aad7fc650d60a53af7b1fef.mp4
209,C:\Humansutdy\videos\all_vid\upscaled_1080p_cbr6Mbps_football6.mp4,C:\Humansutdy\videos\hash_vid\78f061cafda2becde0975decfe264920.mp4
210,C:\Humansutdy\videos\all_vid\upscaled_1080p_cbr6Mbps_football7.mp4,C:\Humansutdy\videos\hash_vid\bd4d5bf3effb6c1e05bf004f2c128513.mp4
211,C:\Humansutdy\videos\all_vid\upscaled_1080p_cbr6Mbps_football8.mp4,C:\Humansutdy\videos\hash_vid\383cac163b233eca8c02f7fa1a808675.mp4
212,C:\Humansutdy\videos\all_vid\upscaled_1080p_cbr6Mbps_football9.mp4,C:\Humansutdy\videos\hash_vid\93eaeeb1e82949475e2d0e26dc5ae7a2.mp4
213,C:\Humansutdy\videos\all_vid\upscaled_1080p_cbr6Mbps_golf1.mp4,C:\Humansutdy\videos\hash_vid\c50469d474c6a4e8074b575cc624c26f.mp4
214,C:\Humansutdy\videos\all_vid\upscaled_1080p_cbr6Mbps_golf2.mp4,C:\Humansutdy\videos\hash_vid\1d16151fb75e1b7457d17404ec5c3627.mp4
215,C:\Humansutdy\videos\all_vid\upscaled_704x396_600kbps_Blanc1.mp4,C:\Humansutdy\videos\hash_vid\2775ccae0aae6da35da25b35913545fd.mp4
216,C:\Humansutdy\videos\all_vid\upscaled_704x396_600kbps_Blanc2.mp4,C:\Humansutdy\videos\hash_vid\7f227f5ca6713f3d146f55219d7ca12f.mp4
217,C:\Humansutdy\videos\all_vid\upscaled_704x396_600kbps_Blanc3.mp4,C:\Humansutdy\videos\hash_vid\8a7ee73e181292b9bc5a74fb02b1aff6.mp4
218,C:\Humansutdy\videos\all_vid\upscaled_704x396_600kbps_Bonfire.mp4,C:\Humansutdy\videos\hash_vid\06433ba44bc89faa984250b1233fee84.mp4
219,C:\Humansutdy\videos\all_vid\upscaled_704x396_600kbps_Bravia2.mp4,C:\Humansutdy\videos\hash_vid\08bc39f7573751966ca94cee9b7963f2.mp4
220,C:\Humansutdy\videos\all_vid\upscaled_704x396_600kbps_Bravia3.mp4,C:\Humansutdy\videos\hash_vid\764812c47ea89580e25c020156b07e12.mp4
221,C:\Humansutdy\videos\all_vid\upscaled_704x396_600kbps_CargoBoat.mp4,C:\Humansutdy\videos\hash_vid\1ec17031d06f53ef1b0533f6373788e1.mp4
222,C:\Humansutdy\videos\all_vid\upscaled_704x396_600kbps_CenterPanorama.mp4,C:\Humansutdy\videos\hash_vid\2557d01c6c2be1ccf26e8e589f4b973e.mp4
223,C:\Humansutdy\videos\all_vid\upscaled_704x396_600kbps_Chasing1.mp4,C:\Humansutdy\videos\hash_vid\081691d7bd3051d851f15b3ce6b3fd4b.mp4
224,C:\Humansutdy\videos\all_vid\upscaled_704x396_600kbps_Chasing3.mp4,C:\Humansutdy\videos\hash_vid\5018a919f482853f9d3a442b122c15b9.mp4
225,C:\Humansutdy\videos\all_vid\upscaled_704x396_600kbps_Chasing4.mp4,C:\Humansutdy\videos\hash_vid\d5cb6f3f3192bcd62eb8a44b1b2f696f.mp4
226,C:\Humansutdy\videos\all_vid\upscaled_704x396_600kbps_CourtYard.mp4,C:\Humansutdy\videos\hash_vid\e8ac3935e6767a3159b0fa17ecad6973.mp4
227,C:\Humansutdy\videos\all_vid\upscaled_704x396_600kbps_Daylight1.mp4,C:\Humansutdy\videos\hash_vid\baa8d6bafcc53e13417a6863d34a7700.mp4
228,C:\Humansutdy\videos\all_vid\upscaled_704x396_600kbps_Fizzle1.mp4,C:\Humansutdy\videos\hash_vid\90e980088d8ab1ff43c4df223893ef86.mp4
229,C:\Humansutdy\videos\all_vid\upscaled_704x396_600kbps_Fizzle2.mp4,C:\Humansutdy\videos\hash_vid\e6eb033cdac31ed7b2ed676da45cb45e.mp4
230,C:\Humansutdy\videos\all_vid\upscaled_704x396_600kbps_Flowers.mp4,C:\Humansutdy\videos\hash_vid\7904b3b08a224749a96768850d228b15.mp4
231,C:\Humansutdy\videos\all_vid\upscaled_704x396_600kbps_Furniture.mp4,C:\Humansutdy\videos\hash_vid\e1d35a1a5169fdd1bcf0c5975d2f2f66.mp4
232,C:\Humansutdy\videos\all_vid\upscaled_704x396_600kbps_Light2.mp4,C:\Humansutdy\videos\hash_vid\a882168734d47872cc1fd261337646c1.mp4
233,C:\Humansutdy\videos\all_vid\upscaled_704x396_600kbps_Light3.mp4,C:\Humansutdy\videos\hash_vid\5b39ae6cb2640d267c9a6cd99b9bf15f.mp4
234,C:\Humansutdy\videos\all_vid\upscaled_704x396_600kbps_Light4.mp4,C:\Humansutdy\videos\hash_vid\92f6e774ae7e8786abf6072c7ad5b092.mp4
235,C:\Humansutdy\videos\all_vid\upscaled_704x396_600kbps_NewYork1.mp4,C:\Humansutdy\videos\hash_vid\90af57ef0cbb88a83bcdacd3f495ac5f.mp4
236,C:\Humansutdy\videos\all_vid\upscaled_704x396_600kbps_NewYork2.mp4,C:\Humansutdy\videos\hash_vid\2e17e86097107ac0b066f61817d83c27.mp4
237,C:\Humansutdy\videos\all_vid\upscaled_704x396_600kbps_NighTraffic.mp4,C:\Humansutdy\videos\hash_vid\4cc7d1c55b34799359fc5c5066e833b5.mp4
238,C:\Humansutdy\videos\all_vid\upscaled_704x396_600kbps_OfficeBuilding.mp4,C:\Humansutdy\videos\hash_vid\ed0fce6f08d38a5f7e96053050d1f33b.mp4
239,C:\Humansutdy\videos\all_vid\upscaled_704x396_600kbps_Porsche.mp4,C:\Humansutdy\videos\hash_vid\2067aadd539ff83cb412114b621fbb0d.mp4
240,C:\Humansutdy\videos\all_vid\upscaled_704x396_600kbps_Skyscraper.mp4,C:\Humansutdy\videos\hash_vid\a7bad9645a9bf953a6ae3c85af17a630.mp4
241,C:\Humansutdy\videos\all_vid\upscaled_704x396_600kbps_Swordsmith1.mp4,C:\Humansutdy\videos\hash_vid\27a85dc9ecfade2ea9aa04d4f8be0b69.mp4
242,C:\Humansutdy\videos\all_vid\upscaled_704x396_600kbps_Swordsmith2.mp4,C:\Humansutdy\videos\hash_vid\37c5f17a37f18c580e29e645a41a57cc.mp4
243,C:\Humansutdy\videos\all_vid\upscaled_704x396_600kbps_UrbanLandmark.mp4,C:\Humansutdy\videos\hash_vid\c27d8e6642b20893c081624f5141f2fe.mp4
244,C:\Humansutdy\videos\all_vid\upscaled_704x396_600kbps_Whale.mp4,C:\Humansutdy\videos\hash_vid\1676b92f52d286d79c55cecadae6a4fe.mp4
245,C:\Humansutdy\videos\all_vid\upscaled_704x396_600kbps_firework.mp4,C:\Humansutdy\videos\hash_vid\ce597bedcfc450cdfbff201cc8b54a9c.mp4
246,C:\Humansutdy\videos\all_vid\upscaled_704x396_600kbps_football1.mp4,C:\Humansutdy\videos\hash_vid\290a826874ec22a9c97f2d76dda41cc9.mp4
247,C:\Humansutdy\videos\all_vid\upscaled_704x396_600kbps_football10.mp4,C:\Humansutdy\videos\hash_vid\c010740237c6e7c3c8ee261b45cfbe0b.mp4
248,C:\Humansutdy\videos\all_vid\upscaled_704x396_600kbps_football2.mp4,C:\Humansutdy\videos\hash_vid\c67c099dd1d8dfbca57c5c0d2b74e39e.mp4
249,C:\Humansutdy\videos\all_vid\upscaled_704x396_600kbps_football3.mp4,C:\Humansutdy\videos\hash_vid\469e7def9ebc24a470c2d99c3708a748.mp4
250,C:\Humansutdy\videos\all_vid\upscaled_704x396_600kbps_football4.mp4,C:\Humansutdy\videos\hash_vid\f6182989f9809334d92a9b142a263bac.mp4
251,C:\Humansutdy\videos\all_vid\upscaled_704x396_600kbps_football5.mp4,C:\Humansutdy\videos\hash_vid\077bfc42f25627f40497f03cfe8f0fd9.mp4
252,C:\Humansutdy\videos\all_vid\upscaled_704x396_600kbps_football6.mp4,C:\Humansutdy\videos\hash_vid\96e5e92cc0cdf2aeaee01fc0c721bdf9.mp4
253,C:\Humansutdy\videos\all_vid\upscaled_704x396_600kbps_football7.mp4,C:\Humansutdy\videos\hash_vid\c62bedf41012a8fe89cc976d869cf9b4.mp4
254,C:\Humansutdy\videos\all_vid\upscaled_704x396_600kbps_football8.mp4,C:\Humansutdy\videos\hash_vid\0be4090548d04e947853cecd522e08b2.mp4
255,C:\Humansutdy\videos\all_vid\upscaled_704x396_600kbps_football9.mp4,C:\Humansutdy\videos\hash_vid\d5fd64ca55f4c95a0f27fe84b12dfc32.mp4
256,C:\Humansutdy\videos\all_vid\upscaled_704x396_600kbps_golf1.mp4,C:\Humansutdy\videos\hash_vid\3d4b98b4e6c5769bc2d23a47394983af.mp4
257,C:\Humansutdy\videos\all_vid\upscaled_704x396_600kbps_golf2.mp4,C:\Humansutdy\videos\hash_vid\0cb262e84091558927ce375aeee7a7f2.mp4
258,C:\Humansutdy\videos\all_vid\upscaled_720p_2600kbps_Blanc1.mp4,C:\Humansutdy\videos\hash_vid\14b43149111db00128571f358b073176.mp4
259,C:\Humansutdy\videos\all_vid\upscaled_720p_2600kbps_Blanc2.mp4,C:\Humansutdy\videos\hash_vid\6ed8cb06f5b2828ee547806fde10338d.mp4
260,C:\Humansutdy\videos\all_vid\upscaled_720p_2600kbps_Blanc3.mp4,C:\Humansutdy\videos\hash_vid\bdf45737d00b401658dab38a55a4b6c6.mp4
261,C:\Humansutdy\videos\all_vid\upscaled_720p_2600kbps_Bonfire.mp4,C:\Humansutdy\videos\hash_vid\5745830aaf0ae9931337388702f6fabe.mp4
262,C:\Humansutdy\videos\all_vid\upscaled_720p_2600kbps_Bravia2.mp4,C:\Humansutdy\videos\hash_vid\5c07e56ae76fa8718ad0c28fbbee93c1.mp4
263,C:\Humansutdy\videos\all_vid\upscaled_720p_2600kbps_Bravia3.mp4,C:\Humansutdy\videos\hash_vid\eda8a1e42cfb1572db234354ccea387e.mp4
264,C:\Humansutdy\videos\all_vid\upscaled_720p_2600kbps_CargoBoat.mp4,C:\Humansutdy\videos\hash_vid\40f22cad1a25468891dad7a91ed204fe.mp4
265,C:\Humansutdy\videos\all_vid\upscaled_720p_2600kbps_CenterPanorama.mp4,C:\Humansutdy\videos\hash_vid\809f0bc7fdc5696a1841c1ecac90af22.mp4
266,C:\Humansutdy\videos\all_vid\upscaled_720p_2600kbps_Chasing1.mp4,C:\Humansutdy\videos\hash_vid\242a04e5b8ee5e716d626a6d7f75bb8a.mp4
267,C:\Humansutdy\videos\all_vid\upscaled_720p_2600kbps_Chasing3.mp4,C:\Humansutdy\videos\hash_vid\11332b9b9901c9991249b61781cd733a.mp4
268,C:\Humansutdy\videos\all_vid\upscaled_720p_2600kbps_Chasing4.mp4,C:\Humansutdy\videos\hash_vid\4f39dd991a07491222e9c94a0ff9dc7a.mp4
269,C:\Humansutdy\videos\all_vid\upscaled_720p_2600kbps_CourtYard.mp4,C:\Humansutdy\videos\hash_vid\b1e7b24ab5aaff7f849e3365fdd4966c.mp4
270,C:\Humansutdy\videos\all_vid\upscaled_720p_2600kbps_Daylight1.mp4,C:\Humansutdy\videos\hash_vid\dedf16fe306bb5f72cd9ec0b17647dbf.mp4
271,C:\Humansutdy\videos\all_vid\upscaled_720p_2600kbps_Fizzle1.mp4,C:\Humansutdy\videos\hash_vid\6793f03205f19ab74e81502362af43d2.mp4
272,C:\Humansutdy\videos\all_vid\upscaled_720p_2600kbps_Fizzle2.mp4,C:\Humansutdy\videos\hash_vid\38d51fd9d7c3c3fc24fc27037b98486b.mp4
273,C:\Humansutdy\videos\all_vid\upscaled_720p_2600kbps_Flowers.mp4,C:\Humansutdy\videos\hash_vid\f22a715d93744197c81db56c998b1069.mp4
274,C:\Humansutdy\videos\all_vid\upscaled_720p_2600kbps_Furniture.mp4,C:\Humansutdy\videos\hash_vid\5886eef721e70c5f8769d9d27e20ba79.mp4
275,C:\Humansutdy\videos\all_vid\upscaled_720p_2600kbps_Light2.mp4,C:\Humansutdy\videos\hash_vid\05bc5e418133b0db1a51e9444bdca548.mp4
276,C:\Humansutdy\videos\all_vid\upscaled_720p_2600kbps_Light3.mp4,C:\Humansutdy\videos\hash_vid\038c4608cff231ac9f83fcc925709fa3.mp4
277,C:\Humansutdy\videos\all_vid\upscaled_720p_2600kbps_Light4.mp4,C:\Humansutdy\videos\hash_vid\37326070b1924c858fdaedef8c7edbdc.mp4
278,C:\Humansutdy\videos\all_vid\upscaled_720p_2600kbps_NewYork1.mp4,C:\Humansutdy\videos\hash_vid\2fb685fc389931afd95407ca1f7b1eca.mp4
279,C:\Humansutdy\videos\all_vid\upscaled_720p_2600kbps_NewYork2.mp4,C:\Humansutdy\videos\hash_vid\b5016281bd4113cacf1a808351391d09.mp4
280,C:\Humansutdy\videos\all_vid\upscaled_720p_2600kbps_NighTraffic.mp4,C:\Humansutdy\videos\hash_vid\242007a3b644db2cd98ff230d499cfa9.mp4
281,C:\Humansutdy\videos\all_vid\upscaled_720p_2600kbps_OfficeBuilding.mp4,C:\Humansutdy\videos\hash_vid\8b41a9602c5192d160fdd8e8dad383ce.mp4
282,C:\Humansutdy\videos\all_vid\upscaled_720p_2600kbps_Porsche.mp4,C:\Humansutdy\videos\hash_vid\1bd19045d551dc614bff3d6582564e27.mp4
283,C:\Humansutdy\videos\all_vid\upscaled_720p_2600kbps_Skyscraper.mp4,C:\Humansutdy\videos\hash_vid\8ca65b12f41e8451eb389c2f75eeeaeb.mp4
284,C:\Humansutdy\videos\all_vid\upscaled_720p_2600kbps_Swordsmith1.mp4,C:\Humansutdy\videos\hash_vid\a8855abb3d6767e903c92ef9ca36998c.mp4
285,C:\Humansutdy\videos\all_vid\upscaled_720p_2600kbps_Swordsmith2.mp4,C:\Humansutdy\videos\hash_vid\0e6ce1b6fd3904079cd3a93074669576.mp4
286,C:\Humansutdy\videos\all_vid\upscaled_720p_2600kbps_UrbanLandmark.mp4,C:\Humansutdy\videos\hash_vid\132f3dc277807230d6bed1e542825c80.mp4
287,C:\Humansutdy\videos\all_vid\upscaled_720p_2600kbps_Whale.mp4,C:\Humansutdy\videos\hash_vid\1ebc8b160e91307629a49d426d5c9dfa.mp4
288,C:\Humansutdy\videos\all_vid\upscaled_720p_2600kbps_firework.mp4,C:\Humansutdy\videos\hash_vid\2430987afd07e59d0aac17c17ced9a13.mp4
289,C:\Humansutdy\videos\all_vid\upscaled_720p_2600kbps_football1.mp4,C:\Humansutdy\videos\hash_vid\3afb00eb4dd08403be977acf1312448b.mp4
290,C:\Humansutdy\videos\all_vid\upscaled_720p_2600kbps_football10.mp4,C:\Humansutdy\videos\hash_vid\3942cb9d3f04b3ba2c74bfa703060fc7.mp4
291,C:\Humansutdy\videos\all_vid\upscaled_720p_2600kbps_football2.mp4,C:\Humansutdy\videos\hash_vid\03c88f71759da9f6bfaee48a94d0dde3.mp4
292,C:\Humansutdy\videos\all_vid\upscaled_720p_2600kbps_football3.mp4,C:\Humansutdy\videos\hash_vid\37a1e23d2588ee79c471a9ec5ecc742b.mp4
293,C:\Humansutdy\videos\all_vid\upscaled_720p_2600kbps_football4.mp4,C:\Humansutdy\videos\hash_vid\9bfdd1839abb485d0fb45d21761fe086.mp4
294,C:\Humansutdy\videos\all_vid\upscaled_720p_2600kbps_football5.mp4,C:\Humansutdy\videos\hash_vid\cb834daf662cb6e77735684b20d18cd8.mp4
295,C:\Humansutdy\videos\all_vid\upscaled_720p_2600kbps_football6.mp4,C:\Humansutdy\videos\hash_vid\6541b0c269a24a92421bebd288c6bcb6.mp4
296,C:\Humansutdy\videos\all_vid\upscaled_720p_2600kbps_football7.mp4,C:\Humansutdy\videos\hash_vid\10380542f0b2fe17c2139b13b669a46d.mp4
297,C:\Humansutdy\videos\all_vid\upscaled_720p_2600kbps_football8.mp4,C:\Humansutdy\videos\hash_vid\2b15df60059afc579092fd9a4e7d4efa.mp4
298,C:\Humansutdy\videos\all_vid\upscaled_720p_2600kbps_football9.mp4,C:\Humansutdy\videos\hash_vid\f8fd200925baab519cdbd44a1fb9e946.mp4
299,C:\Humansutdy\videos\all_vid\upscaled_720p_2600kbps_golf1.mp4,C:\Humansutdy\videos\hash_vid\80370d93bef48e4ee987b1716d70132e.mp4
300,C:\Humansutdy\videos\all_vid\upscaled_720p_2600kbps_golf2.mp4,C:\Humansutdy\videos\hash_vid\9b7967071afafe3a62d021bef8228744.mp4
